Isolate_Id,HA Segment_Id,Isolate_Name,Subtype,Host,Collection_Date,Hx,Pos190_x,Pos190_y,Pos190_z,Pos225_x,Pos225_y,Pos225_z,Pos226_x,Pos226_y,Pos226_z,Pos228_x,Pos228_y,Pos228_z,host_label
EPI_ISL_278136,EPI1061121|A/duck/Zhejiang/7734/2013,A_duck_Zhejiang_7734_2013,A_/_H1N3,Duck,2013-07-07,H1,23.203,-6.238,-26.562,21.5,-19.844,-22.578,18.516,-21.469,-20.812,15.32,-19.906,-15.82,0
EPI_ISL_19599413,EPI3684541|2024-CX2381.4,A_Jiangsu-Wujin_SWL1660_2024,A_/_H1N1,Human,2024-09-25,H1,33.688,-12.383,-18.812,24.078,-27.984,-9.219,25.25,-25.766,-6.316,25.844,-19.859,-2.551,1
EPI_ISL_18068707,EPI2668351|2023-CX0985.4,A_Hebei-Jizhou_SWL1296_2023,A_/_H1N1,Human,2023-03-14,H1,23.406,-21.156,-27.328,46.906,-33.625,-3.842,46.844,-30.438,-2.154,44.531,-24.312,1.101,1
EPI_ISL_242433,EPI885450|2017-CX0244.4,A_Jiangsu-Runzhou_SWL1995_2016,A_/_H1N1,Human,2016-12-12,H1,23.312,-12.617,-16.219,17.188,-29.547,-15.641,17.891,-30.047,-11.711,19.875,-28.156,-5.766,1
EPI_ISL_18752240,EPI2907523|A/China/HCDC-1181/2023_HA,A_China_HCDC-1181_2023,A_/_H1N1,Human,2023-02-28,H1,26.375,-20.812,-19.703,12.367,-14.898,-13.641,10.328,-13.109,-10.727,9.078,-15.188,-4.562,1
EPI_ISL_75040,EPI258048|2010-03304.4,A_Fujian-Gulou_SWL1494_2010,A_/_H1N1,Human,2010-02-25,H1,23.203,-6.238,-26.562,21.5,-19.844,-22.578,18.516,-21.469,-20.812,15.32,-19.906,-15.82,1
EPI_ISL_17465801,EPI2509780|2023-CX0463.4,A_Hubei-Xianan_SWL190_2023,A_/_H1N1,Human,2023-02-21,H1,33.688,-12.383,-18.812,24.078,-27.984,-9.219,25.25,-25.766,-6.316,25.844,-19.859,-2.551,1
EPI_ISL_212670,EPI713649|2016-CX0203.4,A_Neimenggu-Helingeer_SWL1292_2015,A_/_H1N1,Human,2015-12-21,H1,23.406,-21.156,-27.328,46.906,-33.625,-3.842,46.844,-30.438,-2.154,44.531,-24.312,1.101,1
EPI_ISL_18819153,EPI2958266|WH3212,A_Hubei-Wuhan_3212_2023,A_/_H1N1,Human,2023-03-02,H1,23.312,-12.617,-16.219,17.188,-29.547,-15.641,17.891,-30.047,-11.711,19.875,-28.156,-5.766,1
EPI_ISL_367323,EPI1504435|2019-CX0852.4,A_Neimenggu-Donghe_SWL1610_2018,A_/_H1N1,Human,2018-12-17,H1,26.375,-20.812,-19.703,12.367,-14.898,-13.641,10.328,-13.109,-10.727,9.078,-15.188,-4.562,1
EPI_ISL_225340,EPI777755|2016-CX1488.4,A_Guangdong-Chancheng_SWL1361_2016,A_/_H1N1,Human,2016-05-03,H1,23.203,-6.238,-26.562,21.5,-19.844,-22.578,18.516,-21.469,-20.812,15.32,-19.906,-15.82,1
EPI_ISL_337320,EPI1353056|2019-CX0254.4,A_Jiangsu-Liangxi_SWL12100_2018,A_/_H1N1,Human,2018-12-31,H1,33.688,-12.383,-18.812,24.078,-27.984,-9.219,25.25,-25.766,-6.316,25.844,-19.859,-2.551,1
EPI_ISL_402375,EPI1648991|2019-CX2558.4,A_Hunan-Hecheng_SWL1508_2019,A_/_H1N1,Human,2019-04-09,H1,23.406,-21.156,-27.328,46.906,-33.625,-3.842,46.844,-30.438,-2.154,44.531,-24.312,1.101,1
EPI_ISL_101000,EPI348027|A/Shenzhen/119/2011,A_Shenzhen_119_2011,A_/_H1N1,Human,2011-04-19,H1,23.312,-12.617,-16.219,17.188,-29.547,-15.641,17.891,-30.047,-11.711,19.875,-28.156,-5.766,1
EPI_ISL_17465809,EPI2509804|2023-CX0454.4,A_Beijing-Chaoyang_SWL1422_2023,A_/_H1N1,Human,2023-02-20,H1,26.375,-20.812,-19.703,12.367,-14.898,-13.641,10.328,-13.109,-10.727,9.078,-15.188,-4.562,1
EPI_ISL_19674969,EPI3814086|2025-CX0211.4,A_Jilin-Changyi_SWL1213_2024,A_/_H1N1,Human,2024-12-10,H1,23.203,-6.238,-26.562,21.5,-19.844,-22.578,18.516,-21.469,-20.812,15.32,-19.906,-15.82,1
EPI_ISL_290610,EPI1136242|2017-CX2151.4,A_Hunan-Yuhua_SWL11962_2017,A_/_H1N1,Human,2017-12-04,H1,33.688,-12.383,-18.812,24.078,-27.984,-9.219,25.25,-25.766,-6.316,25.844,-19.859,-2.551,1
EPI_ISL_75076,EPI258192|2010-03049.4,A_Guangxi-Longan_SWL11023_2010,A_/_H1N1,Human,2010-02-25,H1,23.406,-21.156,-27.328,46.906,-33.625,-3.842,46.844,-30.438,-2.154,44.531,-24.312,1.101,1
EPI_ISL_18068615,EPI2668084|2023-CX1078.4,A_Zhejiang-Longquan_SWL2207_2023,A_/_H1N1,Human,2023-05-08,H1,23.312,-12.617,-16.219,17.188,-29.547,-15.641,17.891,-30.047,-11.711,19.875,-28.156,-5.766,1
EPI_ISL_396157,EPI1611216|A/Hulunbuir/1903/2019,A_Hulunbuir_1903_2019,A_/_H1N1,Human,2019-01-20,H1,26.375,-20.812,-19.703,12.367,-14.898,-13.641,10.328,-13.109,-10.727,9.078,-15.188,-4.562,1
EPI_ISL_402279,EPI1648703|2019-CX2769.4,A_Beijing-Chaoyang_SWL12711_2019,A_/_H1N1,Human,2019-11-11,H1,23.203,-6.238,-26.562,21.5,-19.844,-22.578,18.516,-21.469,-20.812,15.32,-19.906,-15.82,1
EPI_ISL_337325,EPI1353071|2019-CX0249.4,A_Henan-Longting_SWL1625_2018,A_/_H1N1,Human,2018-12-19,H1,33.688,-12.383,-18.812,24.078,-27.984,-9.219,25.25,-25.766,-6.316,25.844,-19.859,-2.551,1
EPI_ISL_223474,EPI768958|2016-CX0395.4,A_Guangxi-Xixiangtang_SWL185_2016,A_/_H1N1,Human,2016-01-18,H1,23.406,-21.156,-27.328,46.906,-33.625,-3.842,46.844,-30.438,-2.154,44.531,-24.312,1.101,1
EPI_ISL_212673,EPI713658|2016-CX0234.4,A_Guangxi-Xinbin_SWL11047_2015,A_/_H1N1,Human,2015-12-28,H1,23.312,-12.617,-16.219,17.188,-29.547,-15.641,17.891,-30.047,-11.711,19.875,-28.156,-5.766,1
EPI_ISL_365638,EPI1494844|A/Shanghai/18926/2018,A_Shanghai_18926_2018,A_/_H1N1,Human,2018-02-08,H1,26.375,-20.812,-19.703,12.367,-14.898,-13.641,10.328,-13.109,-10.727,9.078,-15.188,-4.562,1
EPI_ISL_161969,EPI530025|A/Kowloon/INS3_693/2011,A_Kowloon_INS3_693_2011,A_/_H1N1,Human,2011-02-16,H1,23.203,-6.238,-26.562,21.5,-19.844,-22.578,18.516,-21.469,-20.812,15.32,-19.906,-15.82,1
EPI_ISL_207752,EPI697270|2016-CX0016.HA,A_Shanghai-Qingpu_SWL11063_2015,A_/_H1N1,Human,2015-12-18,H1,33.688,-12.383,-18.812,24.078,-27.984,-9.219,25.25,-25.766,-6.316,25.844,-19.859,-2.551,1
EPI_ISL_212618,EPI713414|2016-CX0204.4,A_Neimenggu-Huimin_SWL1976_2015,A_/_H1N1,Human,2015-12-28,H1,23.406,-21.156,-27.328,46.906,-33.625,-3.842,46.844,-30.438,-2.154,44.531,-24.312,1.101,1
EPI_ISL_100865,EPI347948|A/Shenzhen/8/2010,A_Shenzhen_8_2010,A_/_H1N1,Human,2010-01-14,H1,23.312,-12.617,-16.219,17.188,-29.547,-15.641,17.891,-30.047,-11.711,19.875,-28.156,-5.766,1
EPI_ISL_337334,EPI1353098|2019-CX0240.4,A_Gansu-Guazhou_SWL52_2018,A_/_H1N1,Human,2018-12-21,H1,26.375,-20.812,-19.703,12.367,-14.898,-13.641,10.328,-13.109,-10.727,9.078,-15.188,-4.562,1
EPI_ISL_334551,EPI1339195|2018-CX2166.4,A_Tianjin-baodi_1606_2018,A_/_H1N1,Human,2018-12-11,H1,23.203,-6.238,-26.562,21.5,-19.844,-22.578,18.516,-21.469,-20.812,15.32,-19.906,-15.82,1
EPI_ISL_19374006,EPI3529005|2024-CX1981.4,A_Guangdong-Futian_SWL1763_2024,A_/_H1N1,Human,2024-06-05,H1,33.688,-12.383,-18.812,24.078,-27.984,-9.219,25.25,-25.766,-6.316,25.844,-19.859,-2.551,1
EPI_ISL_4031220,EPI1889937|A/China/SWL11043/2017,A_China_SWL11043_2017,A_/_H1N1,Human,2017-09-27,H1,23.406,-21.156,-27.328,46.906,-33.625,-3.842,46.844,-30.438,-2.154,44.531,-24.312,1.101,1
EPI_ISL_18068637,EPI2668150|2023-CX1055.4,A_Guangdong-Xinfeng_SWL361_2023,A_/_H1N1,Human,2023-04-26,H1,23.312,-12.617,-16.219,17.188,-29.547,-15.641,17.891,-30.047,-11.711,19.875,-28.156,-5.766,1
EPI_ISL_367321,EPI1504429|2019-CX0848.4,A_Zhejiang-Haishu_SWL12011_2018,A_/_H1N1,Human,2018-12-16,H1,26.375,-20.812,-19.703,12.367,-14.898,-13.641,10.328,-13.109,-10.727,9.078,-15.188,-4.562,1
EPI_ISL_485478,EPI1752950|2020-CX0426.4,A_Shanghai-Jingan_SWL141_2020,A_/_H1N1,Human,2020-01-08,H1,23.203,-6.238,-26.562,21.5,-19.844,-22.578,18.516,-21.469,-20.812,15.32,-19.906,-15.82,1
EPI_ISL_17465790,EPI2509747|2023-CX0479.4,A_Sichuan-Jingyang_SWL1322_2023,A_/_H1N1,Human,2023-02-14,H1,33.688,-12.383,-18.812,24.078,-27.984,-9.219,25.25,-25.766,-6.316,25.844,-19.859,-2.551,1
EPI_ISL_485496,EPI1753004|2020-CX0400.4,A_Yunnan-Xianggelila_SWL1274_2020,A_/_H1N1,Human,2020-03-05,H1,23.406,-21.156,-27.328,46.906,-33.625,-3.842,46.844,-30.438,-2.154,44.531,-24.312,1.101,1
EPI_ISL_100119,EPI347813|A/Shenzhen/lg56/2011,A_Shenzhen_lg56_2011,A_/_H1N1,Human,2011-05-11,H1,23.312,-12.617,-16.219,17.188,-29.547,-15.641,17.891,-30.047,-11.711,19.875,-28.156,-5.766,1
EPI_ISL_207760,EPI697294|2016-CX0005.HA,A_Shanghai-Putuo_SWL1860_2015,A_/_H1N1,Human,2015-10-29,H1,26.375,-20.812,-19.703,12.367,-14.898,-13.641,10.328,-13.109,-10.727,9.078,-15.188,-4.562,1
EPI_ISL_18069049,EPI2669376|2023-CX0562.4,A_Shandong-Bincheng_SWL329_2023,A_/_H1N1,Human,2023-02-27,H1,23.203,-6.238,-26.562,21.5,-19.844,-22.578,18.516,-21.469,-20.812,15.32,-19.906,-15.82,1
EPI_ISL_19374001,EPI3528990|2024-CX1986.4,A_Yunnan-Mengzi_SWL1283_2024,A_/_H1N1,Human,2024-06-04,H1,33.688,-12.383,-18.812,24.078,-27.984,-9.219,25.25,-25.766,-6.316,25.844,-19.859,-2.551,1
EPI_ISL_334602,EPI1339348|2018-CX1889.4,A_Fujian-Xiangcheng_SWL1799_2018,A_/_H1N1,Human,2018-10-08,H1,23.406,-21.156,-27.328,46.906,-33.625,-3.842,46.844,-30.438,-2.154,44.531,-24.312,1.101,1
EPI_ISL_19374014,EPI3529029|2024-CX1973.4,A_Guangdong-Huicheng_SWL1404_2024,A_/_H1N1,Human,2024-06-18,H1,23.312,-12.617,-16.219,17.188,-29.547,-15.641,17.891,-30.047,-11.711,19.875,-28.156,-5.766,1
EPI_ISL_367326,EPI1504444|2019-CX0849.4,A_Neimenggu-Dongsheng_SWL1623_2018,A_/_H1N1,Human,2018-12-24,H1,26.375,-20.812,-19.703,12.367,-14.898,-13.641,10.328,-13.109,-10.727,9.078,-15.188,-4.562,1
EPI_ISL_278744,EPI1063009|2017-CX1468.4,A_Macao_611440_2016,A_/_H1N1,Human,2016-04-07,H1,23.203,-6.238,-26.562,21.5,-19.844,-22.578,18.516,-21.469,-20.812,15.32,-19.906,-15.82,1
EPI_ISL_367209,EPI1504096|2019-CX1728.4,A_Qinghai-Gonghe_SWL1394_2019,A_/_H1N1,Human,2019-04-12,H1,33.688,-12.383,-18.812,24.078,-27.984,-9.219,25.25,-25.766,-6.316,25.844,-19.859,-2.551,1
EPI_ISL_334940,EPI1340362|2018-CX1346.4,A_Jiangsu-Tinghu_SWL11150_2018,A_/_H1N1,Human,2018-07-16,H1,23.406,-21.156,-27.328,46.906,-33.625,-3.842,46.844,-30.438,-2.154,44.531,-24.312,1.101,1
EPI_ISL_18485100,EPI2790390|N10096456.4,A_Macau_1005631_2023,A_/_H1N1,Human,2023-05-12,H1,23.312,-12.617,-16.219,17.188,-29.547,-15.641,17.891,-30.047,-11.711,19.875,-28.156,-5.766,1
EPI_ISL_367303,EPI1504378|2019-CX1548.4,A_Macao_607130_2018,A_/_H1N1,Human,2018-12-27,H1,26.375,-20.812,-19.703,12.367,-14.898,-13.641,10.328,-13.109,-10.727,9.078,-15.188,-4.562,1
EPI_ISL_18069018,EPI2669283|2023-CX0596.4,A_Neimenggu-Linhe_1145_2023,A_/_H3N2,Human,2023-02-20,H3,3.496,15.68,11.398,23.344,-23.375,-8.922,19.75,-22.094,-9.25,16.922,-20.938,-15.469,1
EPI_ISL_278733,EPI1062976|2017-CX1479.4,A_Jiangxi-Jizhou_1488_2017,A_/_H3N2,Human,2017-06-20,H3,21.531,-8.461,-15.648,-8.609,-12.805,-5.289,-9.617,-14.586,-2.061,-3.025,-16.641,-1.002,1
EPI_ISL_19460855,EPI3588924|A/Shanghai/CN1572C2/2017_HA,A_Shanghai_CN1572C2_2017,A_/_H3N2,Human,2017-07-31,H3,30.0,3.553,-11.414,14.117,12.469,-12.359,17.438,14.648,-11.789,18.469,12.266,-5.207,1
EPI_ISL_242503,EPI885660|2017-CX0059.4,A_Fujian-Licheng_1868_2016,A_/_H3N2,Human,2016-11-01,H3,24.203,4.234,-22.188,15.664,-1.296,-18.938,17.078,2.143,-20.406,15.594,5.668,-14.891,1
EPI_ISL_367472,EPI1504895|2019-CX1801.4,A_Guangxi-Mashan_32_2019,A_/_H3N2,Human,2019-05-09,H3,29.344,-8.93,-0.746,21.328,-4.102,-3.068,24.203,-1.693,-3.906,20.016,1.666,0.772,1
EPI_ISL_402353,EPI1648925|2019-CX2581.4,A_Zhejiang-Haishu_11596_2019,A_/_H3N2,Human,2019-09-08,H3,3.496,15.68,11.398,23.344,-23.375,-8.922,19.75,-22.094,-9.25,16.922,-20.938,-15.469,1
EPI_ISL_223519,EPI769093|2016-CX0441.4,A_Heilongjiang-Gongnong_1115_2016,A_/_H3N2,Human,2016-02-08,H3,21.531,-8.461,-15.648,-8.609,-12.805,-5.289,-9.617,-14.586,-2.061,-3.025,-16.641,-1.002,1
EPI_ISL_19290977,EPI3466382|2024-CX1059.4,A_Neimenggu-Zizhikeerqin_199_2024,A_/_H3N2,Human,2024-02-05,H3,30.0,3.553,-11.414,14.117,12.469,-12.359,17.438,14.648,-11.789,18.469,12.266,-5.207,1
EPI_ISL_171920,EPI562254|2015-CX0176.4,A_Liaoning-Haizhou_1614_2014,A_/_H3N2,Human,2014-12-08,H3,24.203,4.234,-22.188,15.664,-1.296,-18.938,17.078,2.143,-20.406,15.594,5.668,-14.891,1
EPI_ISL_18613816,EPI2822131|2023-CX1544.4,A_Qinghai-Chengzhong_1437_2023,A_/_H3N2,Human,2023-10-16,H3,29.344,-8.93,-0.746,21.328,-4.102,-3.068,24.203,-1.693,-3.906,20.016,1.666,0.772,1
EPI_ISL_278637,EPI1062688|2017-CX1807.4,A_Zhejiang-Kecheng_1574_2017,A_/_H3N2,Human,2017-07-17,H3,3.496,15.68,11.398,23.344,-23.375,-8.922,19.75,-22.094,-9.25,16.922,-20.938,-15.469,1
EPI_ISL_14818874,EPI2151117|2022-CX1100.4,A_Guangxi-Gangbei_1616_2022,A_/_H3N2,Human,2022-06-05,H3,21.531,-8.461,-15.648,-8.609,-12.805,-5.289,-9.617,-14.586,-2.061,-3.025,-16.641,-1.002,1
EPI_ISL_86176,EPI302528|X730.4,A_Shanghai-Luwan_1466_2010,A_/_H3N2,Human,2010-08-04,H3,30.0,3.553,-11.414,14.117,12.469,-12.359,17.438,14.648,-11.789,18.469,12.266,-5.207,1
EPI_ISL_223564,EPI769228|2016-CX0540.4,A_Heilongjiang-Aihui_137_2016,A_/_H3N2,Human,2016-01-08,H3,24.203,4.234,-22.188,15.664,-1.296,-18.938,17.078,2.143,-20.406,15.594,5.668,-14.891,1
EPI_ISL_19461011,EPI3590156|A/Shanghai/HK1676C2/2017_HA,A_Shanghai_HK1676C2_2017,A_/_H3N2,Human,2017-08-15,H3,29.344,-8.93,-0.746,21.328,-4.102,-3.068,24.203,-1.693,-3.906,20.016,1.666,0.772,1
EPI_ISL_17805134,EPI2593935|A/chicken/Guangdong/4609/2021_HA,A_chicken_Guangdong_4609_2021,A_/_H3N8,Chicken,2021-08-04,H3,3.496,15.68,11.398,23.344,-23.375,-8.922,19.75,-22.094,-9.25,16.922,-20.938,-15.469,0
EPI_ISL_18819184,EPI2958328|WH79760,A_Hubei-Wuhan_79760_2022,A_/_H3N2,Human,2022-07-09,H3,21.531,-8.461,-15.648,-8.609,-12.805,-5.289,-9.617,-14.586,-2.061,-3.025,-16.641,-1.002,1
EPI_ISL_377074,EPI1542552|2019-CX2076.4,A_Guangxi-Jinchengjiang_12796_2019,A_/_H3N2,Human,2019-05-22,H3,30.0,3.553,-11.414,14.117,12.469,-12.359,17.438,14.648,-11.789,18.469,12.266,-5.207,1
EPI_ISL_278647,EPI1062718|2017-CX1797.4,A_Yunnan-Hongta_1723_2017,A_/_H3N2,Human,2017-07-23,H3,24.203,4.234,-22.188,15.664,-1.296,-18.938,17.078,2.143,-20.406,15.594,5.668,-14.891,1
EPI_ISL_16559124,EPI2298775|2023-CX0060.4,A_Sichuan-Qingyang_11871_2022,A_/_H3N2,Human,2022-11-07,H3,29.344,-8.93,-0.746,21.328,-4.102,-3.068,24.203,-1.693,-3.906,20.016,1.666,0.772,1
EPI_ISL_18681191,EPI2864746|A/Yunnan-Yiliang/35/2019_HA,A_Yunnan-Yiliang_35_2019,A_/_H3N2,Human,2019-04-02,H3,3.496,15.68,11.398,23.344,-23.375,-8.922,19.75,-22.094,-9.25,16.922,-20.938,-15.469,1
EPI_ISL_390695,EPI1589877|2019-CX2327.4,A_Guangdong-Duanzhou_1594_2019,A_/_H3N2,Human,2019-07-02,H3,21.531,-8.461,-15.648,-8.609,-12.805,-5.289,-9.617,-14.586,-2.061,-3.025,-16.641,-1.002,1
EPI_ISL_13732930,EPI2088406|A/Chicken/guangdong/G152/2019/H3N2,A_Chicken_guangdong_G152_2019_H3N2,A_/_H3N2,Chicken,2019-03-04,H3,30.0,3.553,-11.414,14.117,12.469,-12.359,17.438,14.648,-11.789,18.469,12.266,-5.207,0
EPI_ISL_14777479,EPI2147780|A/China/201707271996.seq/2017,A_China_201707271996.seq_2017,A_/_H3N2,Human,2017-07-27,H3,24.203,4.234,-22.188,15.664,-1.296,-18.938,17.078,2.143,-20.406,15.594,5.668,-14.891,1
EPI_ISL_367476,EPI1504907|2019-CX1797.4,A_Guangxi-Jinchengjiang_12737_2019,A_/_H3N2,Human,2019-05-10,H3,29.344,-8.93,-0.746,21.328,-4.102,-3.068,24.203,-1.693,-3.906,20.016,1.666,0.772,1
EPI_ISL_94615,EPI330553|2011-CX180.4,A_Tianjin-Hedong_195_2011,A_/_H3N2,Human,2011-02-15,H3,3.496,15.68,11.398,23.344,-23.375,-8.922,19.75,-22.094,-9.25,16.922,-20.938,-15.469,1
EPI_ISL_207664,EPI697006|2016-CX0136.HA,A_Henan-Xigong_1691_2015,A_/_H3N2,Human,2015-12-29,H3,21.531,-8.461,-15.648,-8.609,-12.805,-5.289,-9.617,-14.586,-2.061,-3.025,-16.641,-1.002,1
EPI_ISL_19460615,EPI3588316|A/Shanghai/FX11071C2/2016_HA,A_Shanghai_FX11071C2_2016,A_/_H3N2,Human,2016-12-05,H3,30.0,3.553,-11.414,14.117,12.469,-12.359,17.438,14.648,-11.789,18.469,12.266,-5.207,1
EPI_ISL_223598,EPI769330|2016-CX0500.4,A_Shanxi-Yuci_124_2016,A_/_H3N2,Human,2016-01-05,H3,24.203,4.234,-22.188,15.664,-1.296,-18.938,17.078,2.143,-20.406,15.594,5.668,-14.891,1
EPI_ISL_377099,EPI1542627|2019-CX1996.4,A_Guangxi-Wanxiu_1445_2019,A_/_H3N2,Human,2019-05-09,H3,29.344,-8.93,-0.746,21.328,-4.102,-3.068,24.203,-1.693,-3.906,20.016,1.666,0.772,1
EPI_ISL_366115,EPI1498264|A/Shanghai/1968/2019,A_Shanghai_1968_2019,A_/_H3N2,Human,2019-01-14,H3,3.496,15.68,11.398,23.344,-23.375,-8.922,19.75,-22.094,-9.25,16.922,-20.938,-15.469,1
EPI_ISL_172767,EPI565670|3000093401_263040_v1_4,A_Henan-Xigong_11041_2014,A_/_H3N2,Human,2014-11-11,H3,21.531,-8.461,-15.648,-8.609,-12.805,-5.289,-9.617,-14.586,-2.061,-3.025,-16.641,-1.002,1
EPI_ISL_14033335,EPI2105641|2022-CX0718.4,A_Guangdong-Zhongshan_38_2022,A_/_H3N2,Human,2022-04-23,H3,30.0,3.553,-11.414,14.117,12.469,-12.359,17.438,14.648,-11.789,18.469,12.266,-5.207,1
EPI_ISL_153310,EPI498711|2013-CX0227.4,A_Jiangsu-Nanjing-Gulou_11776_2013,A_/_H3N2,Human,2013-09-14,H3,24.203,4.234,-22.188,15.664,-1.296,-18.938,17.078,2.143,-20.406,15.594,5.668,-14.891,1
EPI_ISL_18613802,EPI2822090|2023-CX1558.4,A_Zhejiang-Nanhu_11050_2023,A_/_H3N2,Human,2023-10-23,H3,29.344,-8.93,-0.746,21.328,-4.102,-3.068,24.203,-1.693,-3.906,20.016,1.666,0.772,1
EPI_ISL_14818918,EPI2151249|2022-CX1056.4,A_Guangxi-Tiane_557_2022,A_/_H3N2,Human,2022-05-12,H3,3.496,15.68,11.398,23.344,-23.375,-8.922,19.75,-22.094,-9.25,16.922,-20.938,-15.469,1
EPI_ISL_18820613,EPI2959761|2023-CX1659.4,A_Henan-Beiguan_1951_2023,A_/_H3N2,Human,2023-11-04,H3,21.531,-8.461,-15.648,-8.609,-12.805,-5.289,-9.617,-14.586,-2.061,-3.025,-16.641,-1.002,1
EPI_ISL_14456594,EPI2125566|2022-CX0988.4,A_Hunan-Liuyang_359_2022,A_/_H3N2,Human,2022-03-11,H3,30.0,3.553,-11.414,14.117,12.469,-12.359,17.438,14.648,-11.789,18.469,12.266,-5.207,1
EPI_ISL_393399,EPI1601350|A/China/61520/2014,A_China_61520_2014,A_/_H3N2,Human,2014-12-19,H3,24.203,4.234,-22.188,15.664,-1.296,-18.938,17.078,2.143,-20.406,15.594,5.668,-14.891,1
EPI_ISL_390669,EPI1589799|2019-CX2363.4,A_Guangxi-Xinning_1674_2019,A_/_H3N2,Human,2019-07-04,H3,29.344,-8.93,-0.746,21.328,-4.102,-3.068,24.203,-1.693,-3.906,20.016,1.666,0.772,1
EPI_ISL_18851562,EPI2973122|2024-CX0274.4,A_tianjinHebei_1814_2023,A_/_H3N2,Human,2023-12-04,H3,3.496,15.68,11.398,23.344,-23.375,-8.922,19.75,-22.094,-9.25,16.922,-20.938,-15.469,1
EPI_ISL_18681112,EPI2864114|A/Yunnan-Wenshan/1863/2017_HA,A_Yunnan-Wenshan_1863_2017,A_/_H3N2,Human,2017-10-24,H3,21.531,-8.461,-15.648,-8.609,-12.805,-5.289,-9.617,-14.586,-2.061,-3.025,-16.641,-1.002,1
EPI_ISL_328935,EPI1306813|A/Beijinghuairou/746/2013,A_Beijinghuairou_746_2013,A_/_H3N2,Human,2013-12-12,H3,30.0,3.553,-11.414,14.117,12.469,-12.359,17.438,14.648,-11.789,18.469,12.266,-5.207,1
EPI_ISL_18820637,EPI2959833|2023-CX1634.4,A_Yunnan-Gucheng_1891_2023,A_/_H3N2,Human,2023-11-01,H3,24.203,4.234,-22.188,15.664,-1.296,-18.938,17.078,2.143,-20.406,15.594,5.668,-14.891,1
EPI_ISL_84851,EPI297531|A/Nanjing/1654/2010,A_Nanjing_1654_2010,A_/_H3N2,Human,2010-09-10,H3,29.344,-8.93,-0.746,21.328,-4.102,-3.068,24.203,-1.693,-3.906,20.016,1.666,0.772,1
EPI_ISL_14456586,EPI2125542|2022-CX0980.4,A_Guizhou-liuzhite_323_2022,A_/_H3N2,Human,2022-03-18,H3,3.496,15.68,11.398,23.344,-23.375,-8.922,19.75,-22.094,-9.25,16.922,-20.938,-15.469,1
EPI_ISL_18068509,EPI2667859|2023-CX1156.4,A_Shandong-Lanshan_1450_2023,A_/_H3N2,Human,2023-03-29,H3,21.531,-8.461,-15.648,-8.609,-12.805,-5.289,-9.617,-14.586,-2.061,-3.025,-16.641,-1.002,1
EPI_ISL_17805341,EPI2595591|A/chicken/Jiangxi/3758/2022_HA,A_chicken_Jiangxi_3758_2022,A_/_H3N8,Chicken,2022-01-22,H3,30.0,3.553,-11.414,14.117,12.469,-12.359,17.438,14.648,-11.789,18.469,12.266,-5.207,0
EPI_ISL_18068939,EPI2669045|2023-CX0696.4,A_Hubei-Zigui_31_2023,A_/_H3N2,Human,2023-02-27,H3,24.203,4.234,-22.188,15.664,-1.296,-18.938,17.078,2.143,-20.406,15.594,5.668,-14.891,1
EPI_ISL_17805253,EPI2594882|A/chicken/Guangdong/2626/2021_HA,A_chicken_Guangdong_2626_2021,A_/_H3N8,Chicken,2021-12-07,H3,29.344,-8.93,-0.746,21.328,-4.102,-3.068,24.203,-1.693,-3.906,20.016,1.666,0.772,0
EPI_ISL_255509,EPI956871|A/duck/Hunan/HN05/2014,A_duck_Hunan_HN05_2014,A_/_H5N6,Avian,2014-11-13,H5,20.609,14.992,15.289,5.117,17.953,7.746,4.734,15.531,10.641,1.172,11.727,14.891,0
EPI_ISL_173480,EPI602181|A/duck/Jiangxi/13484/2014,A_duck_Jiangxi_13484_2014,A_/_H5N6,Duck,2014-03-30,H5,31.531,0.008,-6.777,24.812,7.5,-15.039,22.156,7.723,-12.227,17.875,4.535,-8.812,0
EPI_ISL_137255,EPI431456|A/duck/Hebei/3/2011,A_duck_Hebei_3_2011,A_/_H5N2,Duck,2011-12-07,H5,1.724,31.766,3.904,10.906,27.625,12.047,8.898,26.547,15.18,3.953,28.328,19.109,0
EPI_ISL_6781355,EPI1930774|A/chicken/China/HJ11/2017,A_chicken_China_HJ11_2017,A_/_H5N6,Chicken,2017-11-07,H5,23.406,-11.492,-14.523,24.234,0.658,-11.203,21.328,0.022,-8.781,15.258,-1.74,-8.227,0
EPI_ISL_255609,EPI957459|A/duck/Hunan/HN192/2015,A_duck_Hunan_HN192_2015,A_/_H5N6,Avian,2015-09-12,H5,31.656,2.594,-13.211,13.102,16.375,-1.513,13.539,14.227,1.653,9.75,10.031,5.176,0
EPI_ISL_697985,"EPI1826095|A/chicken/Fujian/9.24_FZHX0067-O/2018, EPI1820973|A/chicken/Fujian/9.24_FZHX0067-O/2018",A_chicken_Fujian_9.24_FZHX0067-O_2018,A_/_H5N6,Chicken,2018-09-24,H5,20.609,14.992,15.289,5.117,17.953,7.746,4.734,15.531,10.641,1.172,11.727,14.891,0
EPI_ISL_255871,EPI958962|A/muscovy/duck/Hunan/94/2014,A_muscovy_duck_Hunan_94_2014,A_/_H5N6,Avian,2014-11-11,H5,31.531,0.008,-6.777,24.812,7.5,-15.039,22.156,7.723,-12.227,17.875,4.535,-8.812,0
EPI_ISL_19592785,EPI3675468|A/chicken/China/Cangzhou03/2023_HA,A_chicken_China_Cangzhou03_2023,A_/_H5N1,Chicken,2023-12-28,H5,1.724,31.766,3.904,10.906,27.625,12.047,8.898,26.547,15.18,3.953,28.328,19.109,0
EPI_ISL_400551,EPI1639919|18.1,A_Peacock_Hunan_14_2015,A_/_H5N2,Other avian,2015-12-03,H5,23.406,-11.492,-14.523,24.234,0.658,-11.203,21.328,0.022,-8.781,15.258,-1.74,-8.227,0
EPI_ISL_277042,EPI1055368|A/Chicken/Wuxi/7765/2016HA,A_chicken_Wuxi_7765_2016,A_/_H5N6,Chicken,2016-03-14,H5,31.656,2.594,-13.211,13.102,16.375,-1.513,13.539,14.227,1.653,9.75,10.031,5.176,0
EPI_ISL_244537,EPI895124|A/chicken/Ganzhou/GZ50/2015,A_chicken_Ganzhou_GZ50_2015,A_/_H5N6,Chicken,2015-12-12,H5,20.609,14.992,15.289,5.117,17.953,7.746,4.734,15.531,10.641,1.172,11.727,14.891,0
EPI_ISL_696703,EPI1819990|A/duck/Jiangxi/11.29_NCNP39D3-OC/2017,A_duck_Jiangxi_11.29_NCNP39D3-OC_2017,A_/_H5N6,Duck,2017-11-29,H5,31.531,0.008,-6.777,24.812,7.5,-15.039,22.156,7.723,-12.227,17.875,4.535,-8.812,0
EPI_ISL_503027,EPI1776451|A/duck/China/0938/2017,A_duck_China_0938_2017,A_/_H5N6,Duck,2017-09-22,H5,1.724,31.766,3.904,10.906,27.625,12.047,8.898,26.547,15.18,3.953,28.328,19.109,0
EPI_ISL_244534,EPI895121|A/chicken/Taishun/TS2/2016,A_chicken_Taishun_TS2_2016,A_/_H5N6,Chicken,2016-02-19,H5,23.406,-11.492,-14.523,24.234,0.658,-11.203,21.328,0.022,-8.781,15.258,-1.74,-8.227,0
EPI_ISL_255599,EPI957406|A/duck/Hunan/HN182/2015,A_duck_Hunan_HN182_2015,A_/_H5N6,Avian,2015-09-12,H5,31.656,2.594,-13.211,13.102,16.375,-1.513,13.539,14.227,1.653,9.75,10.031,5.176,0
EPI_ISL_696580,"EPI1819842|A/chicken/Anhui/11.29_YHZGS015-O/2018, EPI1820607|A/chicken/Anhui/11.29_YHZGS015-O/2018",A_chicken_Anhui_11.29_YHZGS015-O_2018,A_/_H5N6,Chicken,2018-11-29,H5,20.609,14.992,15.289,5.117,17.953,7.746,4.734,15.531,10.641,1.172,11.727,14.891,0
EPI_ISL_255755,EPI958048|A/duck/Hunan/HN29/2015,A_duck_Hunan_HN29_2015,A_/_H5N6,Avian,2015-04-06,H5,31.531,0.008,-6.777,24.812,7.5,-15.039,22.156,7.723,-12.227,17.875,4.535,-8.812,0
EPI_ISL_499182,EPI1766546|A/chicken/China/CK44/2016,A_chicken_China_CK44_2016,A_/_H5N6,Chicken,2016-07-23,H5,1.724,31.766,3.904,10.906,27.625,12.047,8.898,26.547,15.18,3.953,28.328,19.109,0
EPI_ISL_340789,EPI1366506|A/Duck/Guangdong/PO17281256/MZH/2017-8-21/HA,A_Duck_Guangdong_PO17281256_MZH_2017-8-21,A_/_H5N6,Duck,2017-08-21,H5,23.406,-11.492,-14.523,24.234,0.658,-11.203,21.328,0.022,-8.781,15.258,-1.74,-8.227,0
EPI_ISL_255857,EPI958850|A/muscovy/duck/Hunan/125/2014,A_muscovy_duck_Hunan_125_2014,A_/_H5N6,Avian,2014-11-12,H5,31.656,2.594,-13.211,13.102,16.375,-1.513,13.539,14.227,1.653,9.75,10.031,5.176,0
EPI_ISL_347752,EPI1394202|A/Chicken/Yangzhou/f6/2018,A_Chicken_Yangzhou_f6_2018,A_/_H5N6,Gallus gallus domesticus,2018-11-14,H5,20.609,14.992,15.289,5.117,17.953,7.746,4.734,15.531,10.641,1.172,11.727,14.891,0
EPI_ISL_4055539,EPI1892901|A/CHICKEN/Hunan/143/2011,A_CHICKEN_Hunan_143_2011,A_/_H5N1,Chicken,2011-01-01,H5,31.531,0.008,-6.777,24.812,7.5,-15.039,22.156,7.723,-12.227,17.875,4.535,-8.812,0
EPI_ISL_3228902,EPI1884502|A/whooper_swan/Henan/Y124/2018,A_whooper_swan_Henan_Y124_2018,A_/_H5N2,Whooper swan,2018-12-25,H5,1.724,31.766,3.904,10.906,27.625,12.047,8.898,26.547,15.18,3.953,28.328,19.109,0
EPI_ISL_213834,EPI718509|A/chicken/Yuhang/2/2013,A_chicken_Yuhang_2_2013,A_/_H5N9,Chicken,2013-04-10,H5,23.406,-11.492,-14.523,24.234,0.658,-11.203,21.328,0.022,-8.781,15.258,-1.74,-8.227,0
EPI_ISL_259924,EPI1208376|A/goose/Guangdong/674/2014(H5N6),A_goose_Guangdong_674_2014(H5N6),A_/_H5N6,Goose,2014-03-30,H5,31.656,2.594,-13.211,13.102,16.375,-1.513,13.539,14.227,1.653,9.75,10.031,5.176,0
EPI_ISL_8518268,EPI1951383|A/Chicken/Hangzhou/E1149/2021_HA,A_Chicken_Hangzhou_E1149_2021,A_/_H5N6,Chicken,2021-12-23,H5,20.609,14.992,15.289,5.117,17.953,7.746,4.734,15.531,10.641,1.172,11.727,14.891,0
EPI_ISL_3161955,EPI1884204|A/whooper_swan/Henan/T578/2019,A_whooper_swan_Henan_T578_2019,A_/_H5N2,Whooper swan,2019-01-15,H5,31.531,0.008,-6.777,24.812,7.5,-15.039,22.156,7.723,-12.227,17.875,4.535,-8.812,0
EPI_ISL_203734,EPI681281|A/goose/Zhejiang/77167/2014,A_goose_Zhejiang_77167_2014,A_/_H5N2,Goose,2014-07-07,H5,1.724,31.766,3.904,10.906,27.625,12.047,8.898,26.547,15.18,3.953,28.328,19.109,0
EPI_ISL_4558108,EPI1918700|A/Sichuan/06689/2021,A_Sichuan_06689_2021,A_/_H5N6,Human,2021-07-05,H5,23.406,-11.492,-14.523,24.234,0.658,-11.203,21.328,0.022,-8.781,15.258,-1.74,-8.227,1
EPI_ISL_697438,"EPI1821228|A/chicken/Anhui/2.22_YHZGS004-O/2019, EPI1821249|A/chicken/Anhui/2.22_YHZGS004-O/2019",A_chicken_Anhui_2.22_YHZGS004-O_2019,A_/_H5N6,Chicken,2019-02-22,H5,31.656,2.594,-13.211,13.102,16.375,-1.513,13.539,14.227,1.653,9.75,10.031,5.176,0
EPI_ISL_244531,EPI895118|A/chicken/Hubei/ZYSJF38/2016,A_chicken_Hubei_ZYSJF38_2016,A_/_H5N6,Chicken,2016-02-21,H5,20.609,14.992,15.289,5.117,17.953,7.746,4.734,15.531,10.641,1.172,11.727,14.891,0
EPI_ISL_4055563,EPI1892904|A/CHICKEN/Hunan/118/2010,A_CHICKEN_Hunan_118_2010,A_/_H5N1,Chicken,2010-01-01,H5,31.531,0.008,-6.777,24.812,7.5,-15.039,22.156,7.723,-12.227,17.875,4.535,-8.812,0
EPI_ISL_369824,EPI1517048|A/chicken/Jiangxi/25/2011,A_chicken_Jiangxi_25_2011,A_/_H5N1,Chicken,2011-12-03,H5,1.724,31.766,3.904,10.906,27.625,12.047,8.898,26.547,15.18,3.953,28.328,19.109,0
EPI_ISL_17767125,EPI2584420|A/duck/Hunan/144/2014_HA,A_duck_Hunan_144_2014,A_/_H5N6,Duck,2014-11-13,H5,23.406,-11.492,-14.523,24.234,0.658,-11.203,21.328,0.022,-8.781,15.258,-1.74,-8.227,0
EPI_ISL_295143,EPI1158776|A/goose/Guangdong/YJD/2014,A_goose_Guangdong_YJD_2014,A_/_H5N6,Goose,2014-04-03,H5,31.656,2.594,-13.211,13.102,16.375,-1.513,13.539,14.227,1.653,9.75,10.031,5.176,0
EPI_ISL_196571,EPI645967|A/duck/Jiangsu/WX156/2013,A_duck_Jiangsu_WX156_2013,A_/_H5N6,Duck,2013-07-22,H5,20.609,14.992,15.289,5.117,17.953,7.746,4.734,15.531,10.641,1.172,11.727,14.891,0
EPI_ISL_7380500,EPI1941586|A/Goose/Shandong/21153-3/2021(H5N8),A_Goose_Shandong_21153-3_2021(H5N8),A_/_H5N8,Goose,2021-02-01,H5,31.531,0.008,-6.777,24.812,7.5,-15.039,22.156,7.723,-12.227,17.875,4.535,-8.812,0
EPI_ISL_18058054,EPI2664586|A/duck/Shandong/SD0263/2021_HA,A_duck_Shandong_SD0263_2021,A_/_H5N6,Duck,2021-03-12,H5,1.724,31.766,3.904,10.906,27.625,12.047,8.898,26.547,15.18,3.953,28.328,19.109,0
EPI_ISL_4055267,EPI1892868|A/DUCK/Hunan/572/2011,A_DUCK_Hunan_572_2011,A_/_H5N1,Duck,2011-01-01,H5,23.406,-11.492,-14.523,24.234,0.658,-11.203,21.328,0.022,-8.781,15.258,-1.74,-8.227,0
EPI_ISL_696843,EPI1820161|A/pigeon/Hainan/1.14_HKPL006-C/2018,A_pigeon_Hainan_1.14_HKPL006-C_2018,A_/_H5N6,Pigeon,2018-01-14,H5,31.656,2.594,-13.211,13.102,16.375,-1.513,13.539,14.227,1.653,9.75,10.031,5.176,0
EPI_ISL_255534,EPI957075|A/duck/Hunan/HN162/2015,A_duck_Hunan_HN162_2015,A_/_H5N6,Avian,2015-09-11,H5,20.609,14.992,15.289,5.117,17.953,7.746,4.734,15.531,10.641,1.172,11.727,14.891,0
EPI_ISL_255738,EPI957951|A/duck/Hunan/HN236/2015,A_duck_Hunan_HN236_2015,A_/_H5N6,Avian,2015-09-13,H5,31.531,0.008,-6.777,24.812,7.5,-15.039,22.156,7.723,-12.227,17.875,4.535,-8.812,0
EPI_ISL_696707,EPI1819996|A/duck/Hunan/7.21_YYGK41Y1-C/2016,A_duck_Hunan_7.21_YYGK41Y1-C_2016,A_/_H5N6,Duck,2016-07-21,H5,1.724,31.766,3.904,10.906,27.625,12.047,8.898,26.547,15.18,3.953,28.328,19.109,0
EPI_ISL_15613574,EPI2200689|A/Guangdong/1/2021,A_Guangdong_1_2021,A_/_H5N6,Human,2021-08-19,H5,23.406,-11.492,-14.523,24.234,0.658,-11.203,21.328,0.022,-8.781,15.258,-1.74,-8.227,1
EPI_ISL_11208198,EPI1997218|6.4,A_duck_Yunnan_S4318_2021(H5N6),A_/_H5N6,Duck,2021-11-02,H5,31.656,2.594,-13.211,13.102,16.375,-1.513,13.539,14.227,1.653,9.75,10.031,5.176,0
EPI_ISL_239995,EPI869674|A/duck/Guangdong/S1322/2010,A_duck_Guangdong_S1322_2010,A_/_H5N1,Duck,2010-10-08,H5,20.609,14.992,15.289,5.117,17.953,7.746,4.734,15.531,10.641,1.172,11.727,14.891,0
EPI_ISL_707524,EPI1834927|A/duck/Hunan/2.06_YYGK78J3-OC/2018,A_duck_Hunan_2.06_YYGK78J3-OC_2018,A_/_H5N6,Duck,2018-02-06,H5,31.531,0.008,-6.777,24.812,7.5,-15.039,22.156,7.723,-12.227,17.875,4.535,-8.812,0
EPI_ISL_180660,EPI593758|A/chicken/Jiangsu/LHWK/2010,A_chicken_Jiangsu_LHWK_2010,A_/_H5N1,Chicken,2010-12-10,H5,1.724,31.766,3.904,10.906,27.625,12.047,8.898,26.547,15.18,3.953,28.328,19.109,0
EPI_ISL_698052,"EPI1821174|A/chicken/Hunan/04.26_YYGK37R3-OC/2018, EPI1821173|A/chicken/Hunan/04.26_YYGK37R3-OC/2018",A_chicken_Hunan_04.26_YYGK37R3-OC_2018,A_/_H5,Chicken,2018-04-26,H5,23.406,-11.492,-14.523,24.234,0.658,-11.203,21.328,0.022,-8.781,15.258,-1.74,-8.227,0
EPI_ISL_295521,EPI1159963|A/Shoveller/Ningxia/488-53/2015,A_Shoveller_Ningxia_488-53_2015,A_/_H5N6,Anas clypeata,2015-11-16,H5,31.656,2.594,-13.211,13.102,16.375,-1.513,13.539,14.227,1.653,9.75,10.031,5.176,0
EPI_ISL_192321,EPI627361|A/FUJIAN/5/2015-HA,A_Fujian_5_2015,A_/_H7N9,Human,2015-01-07,H7,-14.969,19.719,-27.406,-14.062,5.441,-14.477,-13.227,1.762,-13.859,-10.445,-2.736,-18.219,1
EPI_ISL_192376,EPI627800|A/GUANGDONG-GUANGZHOU/XN06839/2014-HA,A_Guangdong-Guangzhou_XN06839_2014,A_/_H7N9,Human,2014-02-11,H7,-10.031,24.203,-13.719,-10.266,14.922,1.069,-14.102,14.625,1.111,-18.984,11.227,2.262,1
EPI_ISL_379633,EPI1555546|A/chicken/Hubei/SD095/2017,A_chicken_Hubei_SD095_2017,A_/_H7N9,Chicken,2017-02-28,H7,-26.359,23.438,-5.652,-9.141,14.414,3.551,-12.266,14.734,1.176,-15.695,12.406,-3.264,0
EPI_ISL_206850,EPI692631|A/Huai'an/074/2014,A_Huai'an_074_2014,A_/_H7N9,Human,2014-03-02,H7,-14.734,27.75,-13.711,-14.703,10.953,-1.863,-17.281,10.617,-4.785,-19.859,6.938,-8.898,1
EPI_ISL_175633,EPI577897|A/chicken/Shenzhen/727/2013,A_chicken_Shenzhen_727_2013,A_/_H7N9,Chicken,2013-12-10,H7,-11.391,31.516,-4.531,-11.047,13.102,-1.182,-14.039,13.773,-3.574,-18.031,11.594,-7.566,0
EPI_ISL_192415,EPI628112|A/GUANGDONG/0026/2014-HA,A_Guangdong_0026_2014,A_/_H7N9,Human,2014-01-11,H7,-14.969,19.719,-27.406,-14.062,5.441,-14.477,-13.227,1.762,-13.859,-10.445,-2.736,-18.219,1
EPI_ISL_138983,EPI440685|A/Chicken/Shanghai/S1053/2013HA,A_Chicken_Shanghai_S1053_2013,A_/_H7N9,Chicken,2013-04-03,H7,-10.031,24.203,-13.719,-10.266,14.922,1.069,-14.102,14.625,1.111,-18.984,11.227,2.262,0
EPI_ISL_699435,EPI1827655|A/chicken/Hunan/05.24_YYGK15P2-OC/2017,A_chicken_Hunan_05.24_YYGK15P2-OC_2017,A_/_H7N9,Chicken,2017-05-24,H7,-26.359,23.438,-5.652,-9.141,14.414,3.551,-12.266,14.734,1.176,-15.695,12.406,-3.264,0
EPI_ISL_141776,EPI450850|A/Hangzhou/327/2013,A_Hangzhou_327_2013,A_/_H7N9,Human,2013-04-19,H7,-14.734,27.75,-13.711,-14.703,10.953,-1.863,-17.281,10.617,-4.785,-19.859,6.938,-8.898,1
EPI_ISL_172829,EPI566138|HA_A/Jiangsu/06307/2014,A_Jiangsu_06307_2014,A_/_H7N9,Human,2014-12-29,H7,-11.391,31.516,-4.531,-11.047,13.102,-1.182,-14.039,13.773,-3.574,-18.031,11.594,-7.566,1
EPI_ISL_280902,EPI1075387|A/Guangdong/17SF003/2016_ha,A_Guangdong_17SF003_2016,A_/_H7N9,Human,2017-01-03,H7,-14.969,19.719,-27.406,-14.062,5.441,-14.477,-13.227,1.762,-13.859,-10.445,-2.736,-18.219,1
EPI_ISL_285159,EPI1101863|ha_A/Hebei/27401/2017,A_Hebei_27401_2017,A_/_H7N9,Human,2017-05-04,H7,-10.031,24.203,-13.719,-10.266,14.922,1.069,-14.102,14.625,1.111,-18.984,11.227,2.262,1
EPI_ISL_283489,EPI1090317|A/chicken/Guangdong/SD015/2013,A_chicken_Guangdong_SD015_2013,A_/_H7N9,Chicken,2013-12-18,H7,-26.359,23.438,-5.652,-9.141,14.414,3.551,-12.266,14.734,1.176,-15.695,12.406,-3.264,0
EPI_ISL_699561,EPI1828759|A/chicken/Jiangxi/2.16_SRGFYK080-C/2017,A_chicken_Jiangxi_2.16_SRGFYK080-C_2017,A_/_H7N9,Chicken,2017-02-16,H7,-14.734,27.75,-13.711,-14.703,10.953,-1.863,-17.281,10.617,-4.785,-19.859,6.938,-8.898,0
EPI_ISL_249109,EPI918785|A/Chicken/Guangdong/DG0188/2017(H7N9),A_Chicken_Guangdong_DG0188_2017(H7N9),A_/_H7N9,Chicken,2017-01-04,H7,-11.391,31.516,-4.531,-11.047,13.102,-1.182,-14.039,13.773,-3.574,-18.031,11.594,-7.566,0
EPI_ISL_175817,EPI583130|A/chicken/Shaoxing/5201/2013,A_chicken_Shaoxing_5201_2013,A_/_H7N9,Chicken,2013-10-28,H7,-14.969,19.719,-27.406,-14.062,5.441,-14.477,-13.227,1.762,-13.859,-10.445,-2.736,-18.219,0
EPI_ISL_249143,EPI919059|A/Chicken/Guangdong/GZ16491/2016(H7N9),A_Chicken_Guangdong_GZ16491_2016(H7N9),A_/_H7N9,Chicken,2016-03-08,H7,-10.031,24.203,-13.719,-10.266,14.922,1.069,-14.102,14.625,1.111,-18.984,11.227,2.262,0
EPI_ISL_176303,EPI597345|A/chicken/Dongguan/851/2014,A_chicken_Dongguan_851_2014,A_/_H7N9,Chicken,2014-02-20,H7,-26.359,23.438,-5.652,-9.141,14.414,3.551,-12.266,14.734,1.176,-15.695,12.406,-3.264,0
EPI_ISL_249107,EPI918771|A/Chicken/Guangdong/KP14218/2014(H7N9),A_Chicken_Guangdong_KP14218_2014(H7N9),A_/_H7N9,Chicken,2014-05-29,H7,-14.734,27.75,-13.711,-14.703,10.953,-1.863,-17.281,10.617,-4.785,-19.859,6.938,-8.898,0
EPI_ISL_381470,EPI1566003|A/chicken/China/TM24/2013,A_chicken_China_TM24_2013,A_/_H7N9,Chicken,2013-03-02,H7,-11.391,31.516,-4.531,-11.047,13.102,-1.182,-14.039,13.773,-3.574,-18.031,11.594,-7.566,0
EPI_ISL_141165,EPI447604|A/Beijing/01-A/2013,A_Beijing_01-A_2013,A_/_H7N9,Human,2013-04-12,H7,-14.969,19.719,-27.406,-14.062,5.441,-14.477,-13.227,1.762,-13.859,-10.445,-2.736,-18.219,1
EPI_ISL_176199,EPI596933|A/chicken/Dongguan/1075/2014,A_chicken_Dongguan_1075_2014,A_/_H7N9,Chicken,2014-02-21,H7,-10.031,24.203,-13.719,-10.266,14.922,1.069,-14.102,14.625,1.111,-18.984,11.227,2.262,0
EPI_ISL_282153,EPI1082012|A/Hubei/09911/2017,A_Hubei_09911_2017,A_/_H7N9,Human,2017-02-04,H7,-26.359,23.438,-5.652,-9.141,14.414,3.551,-12.266,14.734,1.176,-15.695,12.406,-3.264,1
EPI_ISL_283491,EPI1090333|A/chicken/Guangdong/SD021/2014,A_chicken_Guangdong_SD021_2014,A_/_H7N9,Chicken,2014-02-23,H7,-14.734,27.75,-13.711,-14.703,10.953,-1.863,-17.281,10.617,-4.785,-19.859,6.938,-8.898,0
EPI_ISL_176130,EPI594339|A/chicken/Jiangxi/10963/2014,A_chicken_Jiangxi_10963_2014,A_/_H7N9,Chicken,2014-02-18,H7,-11.391,31.516,-4.531,-11.047,13.102,-1.182,-14.039,13.773,-3.574,-18.031,11.594,-7.566,0
EPI_ISL_142927,EPI457829|A/chicken/Shanghai/S1076/2013HA,A_chicken_Shanghai_S1076_2013,A_/_H7N9,Chicken,2013-04-03,H7,-14.969,19.719,-27.406,-14.062,5.441,-14.477,-13.227,1.762,-13.859,-10.445,-2.736,-18.219,0
EPI_ISL_192305,EPI627233|A/FUJIAN/23/2015-HA,A_Fujian_23_2015,A_/_H7N9,Human,2015-01-19,H7,-10.031,24.203,-13.719,-10.266,14.922,1.069,-14.102,14.625,1.111,-18.984,11.227,2.262,1
EPI_ISL_699471,EPI1827967|A/chicken/Hunan/5.24_YYGK66P2-OC/2017,A_chicken_Hunan_5.24_YYGK66P2-OC_2017,A_/_H7N9,Chicken,2017-05-24,H7,-26.359,23.438,-5.652,-9.141,14.414,3.551,-12.266,14.734,1.176,-15.695,12.406,-3.264,0
EPI_ISL_223673,EPI769583|A/Fujian/18/2015 ,A_Fujian_18_2015,A_/_H7N9,Human,2015-01-15,H7,-14.734,27.75,-13.711,-14.703,10.953,-1.863,-17.281,10.617,-4.785,-19.859,6.938,-8.898,1
EPI_ISL_192446,EPI628360|A/ZHEJIANG/4/2014-HA,A_Zhejiang_4_2014,A_/_H7N9,Human,2014-01-11,H7,-11.391,31.516,-4.531,-11.047,13.102,-1.182,-14.039,13.773,-3.574,-18.031,11.594,-7.566,1
EPI_ISL_179799,EPI591857|A/chicken/Jiangxi/12564/2013,A_chicken_Jiangxi_12564_2013,A_/_H7N9,Chicken,2013-04-07,H7,-14.969,19.719,-27.406,-14.062,5.441,-14.477,-13.227,1.762,-13.859,-10.445,-2.736,-18.219,0
EPI_ISL_503141,EPI1777077|A/chicken/China/FQ2/2019,A_chicken_China_FQ2_2019,A_/_H7N9,Chicken,2019-02-17,H7,-10.031,24.203,-13.719,-10.266,14.922,1.069,-14.102,14.625,1.111,-18.984,11.227,2.262,0
EPI_ISL_1374067,EPI1853907|16.1,A_chicken_Hebei_S1140_2019,A_/_H7N9,Chicken,2019-04-01,H7,-26.359,23.438,-5.652,-9.141,14.414,3.551,-12.266,14.734,1.176,-15.695,12.406,-3.264,0
EPI_ISL_176372,EPI597558|A/chicken/Dongguan/1393/2014,A_chicken_Dongguan_1393_2014,A_/_H7N9,Chicken,2014-02-21,H7,-14.734,27.75,-13.711,-14.703,10.953,-1.863,-17.281,10.617,-4.785,-19.859,6.938,-8.898,0
EPI_ISL_285231,EPI1102349|ha_A/Jiangxi/10661/2017,A_Jiangxi_10661_2017,A_/_H7N9,Human,2017-01-03,H7,-11.391,31.516,-4.531,-11.047,13.102,-1.182,-14.039,13.773,-3.574,-18.031,11.594,-7.566,1
EPI_ISL_249101,EPI918728|A/Chicken/Guangxi/14048/2014(H7N9),A_Chicken_Guangxi_14048_2014(H7N9),A_/_H7N9,Chicken,2014-03-05,H7,-14.969,19.719,-27.406,-14.062,5.441,-14.477,-13.227,1.762,-13.859,-10.445,-2.736,-18.219,0
EPI_ISL_258019,EPI971388|ha_A/Anhui/13432/2017,A_Anhui_13432_2017,A_/_H7N9,Human,2017-01-17,H7,-10.031,24.203,-13.719,-10.266,14.922,1.069,-14.102,14.625,1.111,-18.984,11.227,2.262,1
EPI_ISL_18414930,"EPI2777279|A/Guangdong/IME-8H008/2014_HA, EPI2777277|A/Guangdong/IME-8H008/2014_HA",A_Guangdong_IME-8H008_2014,A_/_H7N9,Human,2014-02-27,H7,-26.359,23.438,-5.652,-9.141,14.414,3.551,-12.266,14.734,1.176,-15.695,12.406,-3.264,1
EPI_ISL_285163,EPI1101895|ha_A/Hebei/27408/2017,A_Hebei_27408_2017,A_/_H7N9,Human,2017-05-15,H7,-14.734,27.75,-13.711,-14.703,10.953,-1.863,-17.281,10.617,-4.785,-19.859,6.938,-8.898,1
EPI_ISL_284978,EPI1100415|ha_A/Anhui/13420/2017,A_Anhui_13420_2017,A_/_H7N9,Human,2017-01-14,H7,-11.391,31.516,-4.531,-11.047,13.102,-1.182,-14.039,13.773,-3.574,-18.031,11.594,-7.566,1
EPI_ISL_180085,EPI593278|A/chicken/Jiangxi/15524/2014,A_chicken_Jiangxi_15524_2014,A_/_H7N9,Chicken,2014-05-05,H7,-14.969,19.719,-27.406,-14.062,5.441,-14.477,-13.227,1.762,-13.859,-10.445,-2.736,-18.219,0
EPI_ISL_707540,EPI1835127|A/duck/Jiangxi/1.07_NCDZT35N-C/2016,A_duck_Jiangxi_1.07_NCDZT35N-C_2016,A_/_H7N7,Duck,2016-01-07,H7,-10.031,24.203,-13.719,-10.266,14.922,1.069,-14.102,14.625,1.111,-18.984,11.227,2.262,0
EPI_ISL_175778,EPI583021|A/chicken/Huzhou/4169/2013,A_chicken_Huzhou_4169_2013,A_/_H7N9,Chicken,2013-10-24,H7,-26.359,23.438,-5.652,-9.141,14.414,3.551,-12.266,14.734,1.176,-15.695,12.406,-3.264,0
EPI_ISL_285252,EPI1102517|ha_A/Liaoning/14356/2017,A_Liaoning_14356_2017,A_/_H7N9,Human,2017-01-27,H7,-14.734,27.75,-13.711,-14.703,10.953,-1.863,-17.281,10.617,-4.785,-19.859,6.938,-8.898,1
EPI_ISL_249149,EPI919107|A/Chicken/Guangdong/DG16666/2016(H7N9),A_Chicken_Guangdong_DG16666_2016(H7N9),A_/_H7N9,Chicken,2016-04-22,H7,-11.391,31.516,-4.531,-11.047,13.102,-1.182,-14.039,13.773,-3.574,-18.031,11.594,-7.566,0
EPI_ISL_141172,EPI447611|A/Shanghai/17/2013,A_Shanghai_17_2013,A_/_H7N9,Human,2013-04-03,H7,-14.969,19.719,-27.406,-14.062,5.441,-14.477,-13.227,1.762,-13.859,-10.445,-2.736,-18.219,1
EPI_ISL_148727,EPI477402|ZJH7-201320HA,A_Zhejiang_20_2013,A_/_H7N9,Human,2013-04-24,H7,-10.031,24.203,-13.719,-10.266,14.922,1.069,-14.102,14.625,1.111,-18.984,11.227,2.262,1
EPI_ISL_285547,EPI1103807|ha_A/Jiangsu/06463/2017,A_Jiangsu_06463_2017,A_/_H7N9,Human,2017-01-07,H7,-26.359,23.438,-5.652,-9.141,14.414,3.551,-12.266,14.734,1.176,-15.695,12.406,-3.264,1
EPI_ISL_284980,EPI1100431|ha_A/Anhui/13443/2017,A_Anhui_13443_2017,A_/_H7N9,Human,2017-01-13,H7,-14.734,27.75,-13.711,-14.703,10.953,-1.863,-17.281,10.617,-4.785,-19.859,6.938,-8.898,1
EPI_ISL_379670,EPI1555729|A/chicken/Shaanxi/SD183/2017,A_chicken_Shaanxi_SD183_2017,A_/_H7N9,Chicken,2017-05-27,H7,-11.391,31.516,-4.531,-11.047,13.102,-1.182,-14.039,13.773,-3.574,-18.031,11.594,-7.566,0
EPI_ISL_173534,EPI599669|A/chicken/Jiangxi/11708/2013,A_chicken_Jiangxi_11708_2013,A_/_H9N2,Chicken,2013-03-24,H9,22.75,14.898,41.969,4.387,9.195,16.078,5.625,11.734,18.578,3.02,17.266,20.391,0
EPI_ISL_211148,EPI707678|A/chicken/Jiangsu/J2705/2014,A_chicken_Jiangsu_J2705_2014,A_/_H9,Chicken,2014-08-19,H9,21.406,2.021,43.031,5.32,15.195,22.219,8.094,14.641,24.828,11.391,20.156,25.422,0
EPI_ISL_176030,EPI583886|A/chicken/Shenzhen/2121/2013,A_chicken_Shenzhen_2121_2013,A_/_H9N2,Chicken,2013-12-13,H9,40.812,-6.434,26.141,17.672,9.961,15.648,14.734,10.375,18.125,13.383,15.242,22.297,0
EPI_ISL_375318,EPI1535558|A/chicken/Yunnan/YN2104/2018,A_chicken_Yunnan_YN2104_2018,A_/_H9N2,Chicken,2018-11-12,H9,23.0,-6.062,-5.953,24.531,2.695,-9.414,23.25,5.434,-7.152,16.422,3.967,-6.609,0
EPI_ISL_210711,EPI707241|A/chicken/Guangdong/G3626/2014,A_chicken_Guangdong_G3626_2014,A_/_H9,Chicken,2014-11-20,H9,20.562,19.281,32.656,0.642,17.844,20.141,3.299,17.484,22.938,5.973,23.266,23.672,0
EPI_ISL_699300,EPI1826535|A/chicken/Guangdong/2.06_SZBJ021-O/2018,A_chicken_Guangdong_2.06_SZBJ021-O_2018,A_/_H9N2,Chicken,2018-02-06,H9,22.75,14.898,41.969,4.387,9.195,16.078,5.625,11.734,18.578,3.02,17.266,20.391,0
EPI_ISL_210585,EPI707115|A/chicken/Jiangsu/J3727/2014,A_chicken_Jiangsu_J3727_2014,A_/_H9,Chicken,2014-11-06,H9,21.406,2.021,43.031,5.32,15.195,22.219,8.094,14.641,24.828,11.391,20.156,25.422,0
EPI_ISL_374957,EPI1535197|A/chicken/Guizhou/Q2122/2018,A_chicken_Guizhou_Q2122_2018,A_/_H9N2,Chicken,2018-10-09,H9,40.812,-6.434,26.141,17.672,9.961,15.648,14.734,10.375,18.125,13.383,15.242,22.297,0
EPI_ISL_211258,EPI707788|A/chicken/Anhui/A2783/2014,A_chicken_Anhui_A2783_2014,A_/_H9,Chicken,2014-09-16,H9,23.0,-6.062,-5.953,24.531,2.695,-9.414,23.25,5.434,-7.152,16.422,3.967,-6.609,0
EPI_ISL_375151,EPI1535391|A/chicken/Jiangxi/X2157/2018,A_chicken_Jiangxi_X2157_2018,A_/_H9N2,Chicken,2018-10-09,H9,20.562,19.281,32.656,0.642,17.844,20.141,3.299,17.484,22.938,5.973,23.266,23.672,0
EPI_ISL_374925,EPI1535165|A/chicken/Guizhou/Q2047/2018,A_chicken_Guizhou_Q2047_2018,A_/_H9N2,Chicken,2018-10-09,H9,22.75,14.898,41.969,4.387,9.195,16.078,5.625,11.734,18.578,3.02,17.266,20.391,0
EPI_ISL_370819,EPI1521842|A/chicken/Jiangsu/J725/2015,A_chicken_Jiangsu_J725_2015,A_/_H9N2,Chicken,2015-05-11,H9,21.406,2.021,43.031,5.32,15.195,22.219,8.094,14.641,24.828,11.391,20.156,25.422,0
EPI_ISL_374192,EPI1534432|A/chicken/Jiangsu/J1153/2018,A_chicken_Jiangsu_J1153_2018,A_/_H9N2,Chicken,2018-03-27,H9,40.812,-6.434,26.141,17.672,9.961,15.648,14.734,10.375,18.125,13.383,15.242,22.297,0
EPI_ISL_370698,EPI1521721|A/chicken/Anhui/A35/2015,A_chicken_Anhui_A35_2015,A_/_H9N2,Chicken,2015-05-06,H9,23.0,-6.062,-5.953,24.531,2.695,-9.414,23.25,5.434,-7.152,16.422,3.967,-6.609,0
EPI_ISL_375199,EPI1535439|A/chicken/Jiangxi/X2355/2018,A_chicken_Jiangxi_X2355_2018,A_/_H9N2,Chicken,2018-10-10,H9,20.562,19.281,32.656,0.642,17.844,20.141,3.299,17.484,22.938,5.973,23.266,23.672,0
EPI_ISL_211345,EPI707875|A/chicken/Anhui/A2530/2014,A_chicken_Anhui_A2530_2014,A_/_H9,Chicken,2014-09-16,H9,22.75,14.898,41.969,4.387,9.195,16.078,5.625,11.734,18.578,3.02,17.266,20.391,0
EPI_ISL_375321,EPI1535561|A/chicken/Yunnan/YN2108/2018,A_chicken_Yunnan_YN2108_2018,A_/_H9N2,Chicken,2018-11-12,H9,21.406,2.021,43.031,5.32,15.195,22.219,8.094,14.641,24.828,11.391,20.156,25.422,0
EPI_ISL_175874,EPI583377|A/chicken/Shenzhen/844/2013,A_chicken_Shenzhen_844_2013,A_/_H9N2,Chicken,2013-12-09,H9,40.812,-6.434,26.141,17.672,9.961,15.648,14.734,10.375,18.125,13.383,15.242,22.297,0
EPI_ISL_375436,EPI1535676|A/chicken/Guangdong/G2265/2017,A_chicken_Guangdong_G2265_2017,A_/_H9N2,Chicken,2017-10-11,H9,23.0,-6.062,-5.953,24.531,2.695,-9.414,23.25,5.434,-7.152,16.422,3.967,-6.609,0
EPI_ISL_4063522,EPI1898176|A/chicken/Shandong/551/2010,A_chicken_Shandong_551_2010,A_/_H9N2,Chicken,2010-12-25,H9,20.562,19.281,32.656,0.642,17.844,20.141,3.299,17.484,22.938,5.973,23.266,23.672,0
EPI_ISL_378512,EPI1550058|A/Pigeon/Yunnan/YN2126/2018,A_Pigeon_Yunnan_YN2126_2018,A_/_H9N2,Pigeon,2018-11-12,H9,22.75,14.898,41.969,4.387,9.195,16.078,5.625,11.734,18.578,3.02,17.266,20.391,0
EPI_ISL_499106,EPI1765962|A/Hubei/1534/2019,A_Hubei_1534_2019,A_/_H9N2,Human,2019-01-29,H9,21.406,2.021,43.031,5.32,15.195,22.219,8.094,14.641,24.828,11.391,20.156,25.422,1
EPI_ISL_501292,"EPI2143471|A/Duck/China/E1385/2014, EPI1767855|A/Duck/China/E1385/2014",A_Duck_China_E1385_2014,A_/_H9N2,Duck,2014-09-01,H9,40.812,-6.434,26.141,17.672,9.961,15.648,14.734,10.375,18.125,13.383,15.242,22.297,0
EPI_ISL_374223,EPI1534463|A/chicken/Jiangsu/J1346/2018,A_chicken_Jiangsu_J1346_2018,A_/_H9N2,Chicken,2018-03-29,H9,23.0,-6.062,-5.953,24.531,2.695,-9.414,23.25,5.434,-7.152,16.422,3.967,-6.609,0
EPI_ISL_210116,EPI705799|A/chicken/Shanghai/S3707/2014,A_chicken_Shanghai_S3707_2014,A_/_H9,Chicken,2014-11-06,H9,20.562,19.281,32.656,0.642,17.844,20.141,3.299,17.484,22.938,5.973,23.266,23.672,0
EPI_ISL_374982,EPI1535222|A/Duck/Guizhou/Q2193/2018,A_Duck_Guizhou_Q2193_2018,A_/_H9N2,Duck,2018-10-09,H9,22.75,14.898,41.969,4.387,9.195,16.078,5.625,11.734,18.578,3.02,17.266,20.391,0
EPI_ISL_16315197,EPI2271757|A/chicken/Guangdong/138/2019_HA,A_chicken_Guangdong_138_2019,A_/_H9N2,Chicken,2019-01-01,H9,21.406,2.021,43.031,5.32,15.195,22.219,8.094,14.641,24.828,11.391,20.156,25.422,0
EPI_ISL_374209,EPI1534449|A/chicken/Jiangsu/J1299/2018,A_chicken_Jiangsu_J1299_2018,A_/_H9N2,Chicken,2018-03-29,H9,40.812,-6.434,26.141,17.672,9.961,15.648,14.734,10.375,18.125,13.383,15.242,22.297,0
EPI_ISL_370845,EPI1521868|A/chicken/Qinghai/Q1035/2015,A_chicken_Qinghai_Q1035_2015,A_/_H9N2,Chicken,2015-04-27,H9,23.0,-6.062,-5.953,24.531,2.695,-9.414,23.25,5.434,-7.152,16.422,3.967,-6.609,0
EPI_ISL_699296,EPI1826503|A/chicken/Guangdong/12.29_SZBJ007-O/2016,A_chicken_Guangdong_12.29_SZBJ007-O_2016,A_/_H9N2,Chicken,2016-12-29,H9,20.562,19.281,32.656,0.642,17.844,20.141,3.299,17.484,22.938,5.973,23.266,23.672,0
EPI_ISL_211080,EPI707610|A/chicken/Jiangsu/J2803/2014,A_chicken_Jiangsu_J2803_2014,A_/_H9,Chicken,2014-08-19,H9,22.75,14.898,41.969,4.387,9.195,16.078,5.625,11.734,18.578,3.02,17.266,20.391,0
EPI_ISL_374780,EPI1535020|A/chicken/Jiangsu/J2096/2018,A_chicken_Jiangsu_J2096_2018,A_/_H9N2,Chicken,2018-10-23,H9,21.406,2.021,43.031,5.32,15.195,22.219,8.094,14.641,24.828,11.391,20.156,25.422,0
EPI_ISL_4063813,EPI1898540|A/chicken/China/87/2016,A_chicken_China_87_2016,A_/_H9N2,Chicken,2016-12-11,H9,40.812,-6.434,26.141,17.672,9.961,15.648,14.734,10.375,18.125,13.383,15.242,22.297,0
EPI_ISL_374284,EPI1534524|A/chicken/Ningxia/NX1401/2018,A_chicken_Ningxia_NX1401_2018,A_/_H9N2,Chicken,2018-01-24,H9,23.0,-6.062,-5.953,24.531,2.695,-9.414,23.25,5.434,-7.152,16.422,3.967,-6.609,0
EPI_ISL_210104,EPI705787|A/chicken/Shanghai/S3693/2014,A_chicken_Shanghai_S3693_2014,A_/_H9,Chicken,2014-11-06,H9,20.562,19.281,32.656,0.642,17.844,20.141,3.299,17.484,22.938,5.973,23.266,23.672,0
EPI_ISL_374318,EPI1534558|A/chicken/Guizhou/Q1086/2018,A_chicken_Guizhou_Q1086_2018,A_/_H9N2,Chicken,2018-03-20,H9,22.75,14.898,41.969,4.387,9.195,16.078,5.625,11.734,18.578,3.02,17.266,20.391,0
EPI_ISL_699281,EPI1826383|A/chicken/Guangdong/10.17_SZBJ016-O/2018,A_chicken_Guangdong_10.17_SZBJ016-O_2018,A_/_H9N2,Chicken,2018-10-17,H9,21.406,2.021,43.031,5.32,15.195,22.219,8.094,14.641,24.828,11.391,20.156,25.422,0
EPI_ISL_375642,EPI1535882|A/chicken/Ningxia/NX2091/2017,A_chicken_Ningxia_NX2091_2017,A_/_H9N2,Chicken,2017-10-10,H9,40.812,-6.434,26.141,17.672,9.961,15.648,14.734,10.375,18.125,13.383,15.242,22.297,0
EPI_ISL_374988,EPI1535228|A/chicken/Guizhou/Q2216/2018,A_chicken_Guizhou_Q2216_2018,A_/_H9N2,Chicken,2018-10-09,H9,23.0,-6.062,-5.953,24.531,2.695,-9.414,23.25,5.434,-7.152,16.422,3.967,-6.609,0
EPI_ISL_204285,EPI681952|A/chicken/Shanxi/S100/2012,A_chicken_Shanxi_S100_2012,A_/_H9,Chicken,2012-04-25,H9,20.562,19.281,32.656,0.642,17.844,20.141,3.299,17.484,22.938,5.973,23.266,23.672,0
EPI_ISL_374976,EPI1535216|A/chicken/Guizhou/Q2176/2018,A_chicken_Guizhou_Q2176_2018,A_/_H9N2,Chicken,2018-10-09,H9,22.75,14.898,41.969,4.387,9.195,16.078,5.625,11.734,18.578,3.02,17.266,20.391,0
EPI_ISL_501294,"EPI2143472|A/chicken/China/E1562/2014, EPI1767857|A/chicken/China/E1562/2014",A_chicken_China_E1562_2014,A_/_H9N2,Chicken,2014-09-01,H9,21.406,2.021,43.031,5.32,15.195,22.219,8.094,14.641,24.828,11.391,20.156,25.422,0
EPI_ISL_378474,EPI1550020|A/Pigeon/Jiangsu/J2378/2018,A_Pigeon_Jiangsu_J2378_2018,A_/_H9N2,Pigeon,2018-10-25,H9,40.812,-6.434,26.141,17.672,9.961,15.648,14.734,10.375,18.125,13.383,15.242,22.297,0
EPI_ISL_371106,EPI1522129|A/chicken/Jiangxi/X1411/2015,A_chicken_Jiangxi_X1411_2015,A_/_H9N2,Chicken,2015-04-21,H9,23.0,-6.062,-5.953,24.531,2.695,-9.414,23.25,5.434,-7.152,16.422,3.967,-6.609,0
EPI_ISL_204156,EPI681823|A/chicken/Anhui/A325/2012,A_chicken_Anhui_A325_2012,A_/_H9,Chicken,2012-11-06,H9,20.562,19.281,32.656,0.642,17.844,20.141,3.299,17.484,22.938,5.973,23.266,23.672,0
EPI_ISL_374017,EPI1534251|A/chicken/Anhui/A209/2017,A_chicken_Anhui_A209_2017,A_/_H9N2,Chicken,2017-02-09,H9,22.75,14.898,41.969,4.387,9.195,16.078,5.625,11.734,18.578,3.02,17.266,20.391,0
EPI_ISL_203941,EPI681608|A/chicken/Hubei/R237/2012,A_chicken_Hubei_R237_2012,A_/_H9,Chicken,2012-11-08,H9,21.406,2.021,43.031,5.32,15.195,22.219,8.094,14.641,24.828,11.391,20.156,25.422,0
EPI_ISL_211299,EPI707829|A/chicken/Guangdong/G2048/2014,A_chicken_Guangdong_G2048_2014,A_/_H9,Chicken,2014-08-26,H9,40.812,-6.434,26.141,17.672,9.961,15.648,14.734,10.375,18.125,13.383,15.242,22.297,0
EPI_ISL_17445498,EPI2508102|L0943,A_Chicken_Shandong_SDLH111_2019,A_/_H9N2,Chicken,2019-06-01,H9,23.0,-6.062,-5.953,24.531,2.695,-9.414,23.25,5.434,-7.152,16.422,3.967,-6.609,0
EPI_ISL_375212,EPI1535452|A/chicken/Jiangxi/X2375/2018,A_chicken_Jiangxi_X2375_2018,A_/_H9N2,Chicken,2018-10-10,H9,20.562,19.281,32.656,0.642,17.844,20.141,3.299,17.484,22.938,5.973,23.266,23.672,0
